Mean-R,Mean-G,Mean-B,Mean-H,Mean-S,Mean-V,Mean-Gray,Standar-Deviasi,Variasi,Skewness,Kematangan
1.4257510712181738,2.136601739361084,1.9830651404995918,-1.5194407108388877,-0.3632316186414984,1.4956923367275703,2.05938631486727,0.8277474818992923,0.6424137746005346,0.0,-1.6234266286751575
1.4257510712181738,2.136601739361084,1.9830651404995918,-1.5194407108388877,-0.3632316186414984,1.4956923367275703,2.05938631486727,0.8277474818992923,0.6424137746005346,0.0,-1.6234266286751575
1.4274335317762143,2.034719245892842,1.942908488205035,-1.5943341966849256,-0.41029485059724363,1.3900124572990389,1.988993608536743,1.01898464709536,0.8462198557382996,0.0,-1.6234266286751575
1.2154202979681203,1.8918457113616745,0.6799858162706728,-1.3266314962086783,0.7864391023679778,1.266015538452216,1.7028112576519825,0.33087819816775205,0.15735108636515155,0.0,-1.6234266286751575
1.2154202979681203,1.8918457113616745,0.6799858162706728,-1.3266314962086783,0.7864391023679778,1.266015538452216,1.7028112576519825,0.33087819816775205,0.15735108636515155,0.0,-1.6234266286751575
1.4257510712181738,2.136601739361084,1.9830651404995918,-1.5194407108388877,-0.3632316186414984,1.4956923367275703,2.05938631486727,0.8277474818992923,0.6424137746005346,0.0,-1.6234266286751575
1.5148485555244875,2.249081769519439,1.5120762440292899,-1.37847393285945,0.08794316955296404,1.6122707728014278,2.1161536017449207,-0.021745454078395832,-0.14793777102546762,0.0,-1.6234266286751575
1.7043490127040823,2.334618131291976,1.9252624292648604,-1.4849374464028777,-0.3345518517707221,1.701664329012255,2.2737552561060355,-0.15296991993322143,-0.2532901479672223,0.0,-1.6234266286751575
0.9287440182800599,1.731026439562832,1.5190149196201552,-1.1352317617725562,-0.2352435027547072,1.1292129915908615,1.5869394916056982,1.3341567089284876,1.2028626527742308,0.0,-1.6234266286751575
1.3664286431120327,1.9653974128107732,1.9761103459875768,-1.5639722640659313,-0.5655311619835229,1.3182501984014405,1.9267723510191221,1.0399105363757295,0.869098452959622,0.0,-1.6234266286751575
1.3632439634299491,2.424446069062225,1.5382395929028596,-1.3416316687071397,0.06720322114898637,1.8073618128137634,2.184225222010056,-0.6716452255687549,-0.625866769337432,0.5690127048627698,-1.6234266286751575
1.4795220631571837,2.2427800025495097,2.0522912271619163,-1.367065918848596,-0.5077743141939981,1.6072879068075479,2.153289412908159,0.37760502611356983,0.20023221836237198,0.0,-1.6234266286751575
0.8678095687969797,2.059452622834143,0.7516793977822949,-1.1233502555624957,0.7562727036885559,1.4160023109022621,1.7076238873369132,0.5085504399834846,0.32342619797261846,0.0,-1.6234266286751575
1.3587033295116415,2.072502488665806,1.409298103023263,-1.4080712920092333,0.1137504876917503,1.4347217655758078,1.9393651824537013,0.4414035865337347,0.2596970593415265,0.0,-1.6234266286751575
1.3632439634299491,2.424446069062225,1.5382395929028596,-1.3416316687071397,0.06720322114898637,1.8073618128137634,2.184225222010056,-0.6716452255687549,-0.625866769337432,0.5690127048627698,-1.6234266286751575
1.3632439634299491,2.424446069062225,1.5382395929028596,-1.3416316687071397,0.06720322114898637,1.8073618128137634,2.184225222010056,-0.6716452255687549,-0.625866769337432,0.5690127048627698,-1.6234266286751575
1.4257510712181738,2.136601739361084,1.9830651404995918,-1.5194407108388877,-0.3632316186414984,1.4956923367275703,2.05938631486727,0.8277474818992923,0.6424137746005346,0.0,-1.6234266286751575
1.838406168915663,2.361309577226183,2.4732940492259554,-1.6747584422767994,-0.752995407203797,1.7296747504128223,2.388681676189293,0.2578280234428946,0.09145093959844881,0.0,-1.6234266286751575
0.9287440182800599,1.731026439562832,1.5190149196201552,-1.1352317617725562,-0.2352435027547072,1.1292129915908615,1.5869394916056982,1.3341567089284876,1.2028626527742308,0.0,-1.6234266286751575
1.4257510712181738,2.136601739361084,1.9830651404995918,-1.5194407108388877,-0.3632316186414984,1.4956923367275703,2.05938631486727,0.8277474818992923,0.6424137746005346,0.0,-1.6234266286751575
1.1124711558720488,2.0101803777938745,1.600693652820426,-1.3282602576261684,0.04882751105519405,1.3682027102818946,1.8376181288535451,1.2459114181862274,1.1004017155287324,0.0,-1.6234266286751575
1.5642371945286095,2.2841868212405063,1.6356425936697963,-1.4120953288552247,-0.016435909694036462,1.6486351940660426,2.167267379743364,-0.05045489569195093,-0.17136963469892055,0.0,-1.6234266286751575
1.3587033295116415,2.072502488665806,1.409298103023263,-1.4080712920092333,0.1137504876917503,1.4347217655758078,1.9393651824537013,0.4414035865337347,0.2596970593415265,0.0,-1.6234266286751575
1.7043490127040823,2.334618131291976,1.9252624292648604,-1.4849374464028777,-0.3345518517707221,1.701664329012255,2.2737552561060355,-0.15296991993322143,-0.2532901479672223,0.0,-1.6234266286751575
0.9287440182800599,1.731026439562832,1.5190149196201552,-1.1352317617725562,-0.2352435027547072,1.1292129915908615,1.5869394916056982,1.3341567089284876,1.2028626527742308,0.0,-1.6234266286751575
0.8678095687969797,2.059452622834143,0.7516793977822949,-1.1233502555624957,0.7562727036885559,1.4160023109022621,1.7076238873369132,0.5085504399834846,0.32342619797261846,0.0,-1.6234266286751575
1.259198041849298,1.6551697883619603,-0.7888389145327194,-1.0210162149695274,2.2842515402935506,1.180795047078276,1.420164223283937,0.3744438225244435,0.19731327705259252,0.0,-1.6234266286751575
1.340049998485373,1.9621518710185544,1.7690919218374486,-1.5603395698162787,-0.2722945241014332,1.3147634970004285,1.896043685874099,1.1013290239300486,0.9369059405007737,0.0,-1.6234266286751575
1.707408144904555,2.3368667653419637,1.9328435218584257,-1.4871927872060213,-0.3406198738670798,1.7039934911123913,2.27691945834148,-0.15484990947144153,-0.2547669382651186,0.0,-1.6234266286751575
1.3587033295116415,2.072502488665806,1.409298103023263,-1.4080712920092333,0.1137504876917503,1.4347217655758078,1.9393651824537013,0.4414035865337347,0.2596970593415265,0.0,-1.6234266286751575
1.7422467423556918,2.3565578899628274,2.061941521262757,-1.5190472120849932,-0.4776531529631091,1.724387018101016,2.3138138998184634,-0.1671143849704325,-0.2643785056693019,0.0,-1.6234266286751575
0.9287440182800599,1.731026439562832,1.5190149196201552,-1.1352317617725562,-0.2352435027547072,1.1292129915908615,1.5869394916056982,1.3341567089284876,1.2028626527742308,0.0,-1.6234266286751575
0.6654187414756201,1.2893324054113868,-0.18130689696391844,-1.1705763588867562,1.4826889312384037,0.6227811594913469,1.0447151303520563,1.1372136373501447,0.9769775000328235,-0.10490264052214038,-1.6234266286751575
1.3632439634299491,2.424446069062225,1.5382395929028596,-1.3416316687071397,0.06720322114898637,1.8073618128137634,2.184225222010056,-0.6716452255687549,-0.625866769337432,0.5690127048627698,-1.6234266286751575
1.4795220631571837,2.2427800025495097,2.0522912271619163,-1.367065918848596,-0.5077743141939981,1.6072879068075479,2.153289412908159,0.37760502611356983,0.20023221836237198,0.0,-1.6234266286751575
0.8678095687969797,2.059452622834143,0.7516793977822949,-1.1233502555624957,0.7562727036885559,1.4160023109022621,1.7076238873369132,0.5085504399834846,0.32342619797261846,0.0,-1.6234266286751575
0.9853930722892954,1.5973199829562317,1.4501938858474301,-1.6195381691994457,-0.5436470938812207,0.9363902232591853,1.5103116626941488,2.3379954833506775,2.510979726937929,0.7606882276312729,-1.6234266286751575
1.7422467423556918,2.3565578899628274,2.061941521262757,-1.5190472120849932,-0.4776531529631091,1.724387018101016,2.3138138998184634,-0.1671143849704325,-0.2643785056693019,0.0,-1.6234266286751575
1.3587033295116415,2.072502488665806,1.409298103023263,-1.4080712920092333,0.1137504876917503,1.4347217655758078,1.9393651824537013,0.4414035865337347,0.2596970593415265,0.0,-1.6234266286751575
1.610746528418133,2.3085755141347137,1.7900753774039466,-1.4495751687967222,-0.1801897863898059,1.6740617077339666,2.213484194070113,-0.06174797508604091,-0.18052798930499941,0.0,-1.6234266286751575
1.2337023730751657,2.0609835312379805,1.1054845174232037,-1.3732189456649742,0.4348399518854339,1.4174324073188942,1.8615430321752335,0.46912275256723945,0.2858632158506451,0.0,-1.6234266286751575
0.6676195515369514,1.2908880767479238,-0.15912908133655435,-1.1409600255504835,1.4451857939060537,0.624281880510162,1.0486220085452023,1.1051566256541403,0.9411641823019358,0.2361811110713011,-1.6234266286751575
1.259198041849298,1.6551697883619603,-0.7888389145327194,-1.0210162149695274,2.2842515402935506,1.180795047078276,1.420164223283937,0.3744438225244435,0.19731327705259252,0.0,-1.6234266286751575
1.5468428602775195,2.2716022589023104,1.592057810821783,-1.399122160074771,0.02016428816559545,1.6356239055530744,2.149114321319442,-0.03961487551066792,-0.16254749645550357,0.0,-1.6234266286751575
0.71621989323491,1.5819515877000243,1.2497881191087354,-1.0630431755800018,0.17367459701556257,0.965559633732521,1.3942488589165791,2.349630441631905,2.52767791731092,0.8125556767637239,-1.6234266286751575
1.2337023730751657,2.0609835312379805,1.1054845174232037,-1.3732189456649742,0.4348399518854339,1.4174324073188942,1.8615430321752335,0.46912275256723945,0.2858632158506451,0.0,-1.6234266286751575
0.71621989323491,1.5819515877000243,1.2497881191087354,-1.0630431755800018,0.17367459701556257,0.965559633732521,1.3942488589165791,2.349630441631905,2.52767791731092,0.8125556767637239,-1.6234266286751575
-1.4759352644790213,0.01451466291387124,-1.8885504902699082,-0.22067942284698125,2.355987018179465,-0.6836865803540361,-0.6526130569979489,1.6044120724978161,1.5292539358813981,0.7138168513435517,-1.6234266286751575
-0.28401834298797624,0.40052784498258176,-0.3970004204851712,-0.36549774506796345,0.30422056749226023,-0.24664642299791736,0.13272247615020943,1.0596253869348913,0.890757199969979,0.6324109179590316,-1.6234266286751575
0.7025130501145405,1.4113803135421195,-0.2098158088477468,-1.0820302990144983,1.1349287598882194,0.7455528139788956,1.1343022073303277,0.3009266285413046,0.13016325194573394,0.356375429136769,-1.6234266286751575
1.2337023730751657,2.0609835312379805,1.1054845174232037,-1.3732189456649742,0.4348399518854339,1.4174324073188942,1.8615430321752335,0.46912275256723945,0.2858632158506451,0.0,-1.6234266286751575
0.17942112536977517,0.7357300852654509,-1.1300489171713028,-0.9962723664773699,2.015140679963351,0.09257493235033237,0.43105294768524094,0.9214135709164283,0.7410474823884875,1.0903147381956348,-1.6234266286751575
1.2337023730751657,2.0609835312379805,1.1054845174232037,-1.3732189456649742,0.4348399518854339,1.4174324073188942,1.8615430321752335,0.46912275256723945,0.2858632158506451,0.0,-1.6234266286751575
0.13772568798642557,0.9439551959028594,-1.2825890275830596,-0.9962279496317248,2.430781581585029,0.264510008588376,0.5392827570848461,1.5271742712231844,1.4340339601684524,0.6004440061363527,-1.6234266286751575
0.6390554277295545,1.3732677637044608,-0.5684932623808355,-0.7565861304311498,1.8019024630663523,0.7276767123261367,1.0533299477638063,0.5195220371516299,0.33395081191283205,0.7164860653979095,-1.6234266286751575
1.555679869894959,2.2781222991419243,1.6139808435019016,-1.4036110644897464,0.001753939111211952,1.642360374205843,2.1583932968391504,-0.04545342257936889,-0.16730298897385631,0.0,-1.6234266286751575
0.002881063164929172,0.6041224869062201,1.001252813704879,0.7820651504959795,-0.8433638023908758,0.14307152291094447,0.49689296091603274,-0.22463846673589194,-0.30893757313466436,-2.907593081556241,-1.6234266286751575
-0.2941319591758696,0.4056497780300137,1.2281931844688458,1.4258081971392182,-0.20428195897992857,0.25486032687314186,0.29406144594063316,0.0029988186579777056,-0.12757016035835259,-0.7170189473393048,-1.6234266286751575
-0.04226361517776169,0.5614887048401677,0.9764902510759643,0.9522728747812622,-0.8353017135631857,0.11657694157892609,0.4520467416473663,-0.2970656416766277,-0.36381681023507884,-2.6063014239784534,-1.6234266286751575
-0.1093788956285279,0.513539679090771,1.1993150972941098,0.8392964717254292,-0.9879323479139663,0.18253949157646146,0.4222016819339453,-0.8219392129969867,-0.7207512632182693,-3.040286953258909,-1.6234266286751575
0.03623546563542543,0.6328874290518869,1.1884704431324056,1.110244189322835,-1.1103283396629664,0.1934655938877427,0.5445792446301708,-0.73255818023414,-0.6650307343788197,-2.726098938354949,-1.6234266286751575
-0.31103259763705576,0.41716653874606896,1.0039412937635228,1.3525702090643597,-0.19362117260879927,0.17420226764430985,0.2740018130626512,-0.17394001024601427,-0.26971074603316497,-0.25977409174826266,-1.6234266286751575
0.0799993288544448,0.6288075361885433,1.0257267956486478,0.7246277006042162,-1.0874668841726463,0.13124386959291495,0.5390908245632466,-0.537979339406973,-0.5365439944891798,-1.518942992766006,-1.6234266286751575
-0.11646093376620363,0.5368348089247892,1.129210009463788,1.33968371781764,-0.30285668583059205,0.22291253212332152,0.42803772803649215,0.17316109927826362,0.016807644219086336,-0.9647417281076144,-1.6234266286751575
-0.021558017892665118,0.5878376634390543,1.1042464802856677,0.9692687867131744,-0.9488319408988446,0.15864621523979236,0.4888575202303195,-0.39836553879137954,-0.43828473666151996,-2.913467176967959,-1.6234266286751575
-0.02931129999143576,0.5642817240074078,0.7896514162955159,0.7168840763590818,-0.6092687952228314,0.11298999880707233,0.43875284200452325,-0.3205883997054524,-0.3813468658056661,-1.9415673243806606,-1.6234266286751575
-0.06008659256326815,0.5802679943746863,1.0386305119962593,1.05912039998534,-0.7547676811874652,0.18714873064266593,0.4651124697610367,-0.53936717011167,-0.537495292007879,-2.4513488504277587,-1.6234266286751575
0.02099491293357641,0.6172210797990024,0.7546190210317957,1.0305200480892598,-0.5329131520933205,0.0911462857055929,0.4857416366716409,0.10509781912024166,-0.0418458148017047,-1.213986934644749,-1.6234266286751575
-0.12736761226368676,0.5314850169563065,1.0359404720420207,1.037014825878198,-0.6726761880836812,0.16785578763057457,0.41142594592237824,-0.4169577416495229,-0.45166241791191825,-2.347082131611768,-1.6234266286751575
0.012044993452310662,0.620457834744135,1.0812315206887813,0.8026517116052106,-0.7936599959393353,0.20688716784623354,0.5187909404869003,-0.30893063411641186,-0.3726770427087136,-2.963007802927973,-1.6234266286751575
0.030954805967415937,0.6105205097919656,0.883095922006566,0.7795107506398761,-0.8433604418946994,0.12517740266466604,0.4978179503994942,-0.5156754681857023,-0.5211869429050631,-3.7344924160836426,-1.6234266286751575
-0.07071690086195395,0.5757809110292896,1.017093813458598,0.9859205758992152,-0.6354997943795924,0.20209546463187023,0.4573076612778505,-0.3955494773749701,-0.43625065076800223,-2.087773728167043,-1.6234266286751575
-0.14684031670542716,0.4953395226597128,0.6999241417882659,0.9456004296097436,-0.7455780166426275,-0.0014558228131927092,0.3458532512968442,-0.4793132301124495,-0.49587275826328375,-3.3120300470705972,-1.6234266286751575
-0.057506446794293974,0.5725816998853461,0.8272222816581248,0.809704934201046,-0.5359458706429697,0.13995140668841707,0.43975433605953107,-0.13549872324139056,-0.2395220117723904,-2.393160119792896,-1.6234266286751575
-0.08793347976779202,0.5521586708423513,1.11243957191782,1.0610695664155905,-0.8111146715809968,0.18837751587653495,0.4450508236048568,-0.49280049782994784,-0.5053022691330115,-1.8977985511755695,-1.6234266286751575
-0.12292020667330855,0.5179672515172606,1.0579794569613963,0.861245508794035,-0.6307351278003955,0.19335396145203218,0.406076442051157,-0.5676016705702417,-0.5567400450086949,-3.3105555151254733,-1.6234266286751575
-0.025365462805320507,0.6076809602753784,1.139345431094792,0.88563704114161,-0.7002195902473096,0.2590559667294971,0.5047147704151185,-0.6644186632753136,-0.621156416339994,-3.2496849088187965,-1.6234266286751575
-0.030182466922425356,0.6054453067949515,1.0477663005332218,0.7622006865521147,-0.5830471020554832,0.2521457325599206,0.49292411849388557,-0.6117720914809704,-0.5864308769958333,-3.402089711168867,-1.6234266286751575
-0.1231255161688165,0.515266893646574,0.9352694900027579,1.2193791820776338,-0.1522544986720293,0.18564262475681992,0.39274876407409315,0.12254870804322746,-0.026922391507077138,-2.0937771470889253,-1.6234266286751575
-0.08557314567867022,0.5501730431017628,1.0934985396508772,0.7957233305318437,-0.7122325885800154,0.21356026075628254,0.4434155943124494,-0.6824923286935265,-0.6329115354551648,-3.4460229415284034,-1.6234266286751575
-0.15768981516177935,0.45866242411435654,0.6197010511610873,0.8167081339415917,-0.8029481488721221,-0.0917107506383245,0.31005582274051435,-0.3005758180930803,-0.3664418629533427,-3.1381843815525556,-1.6234266286751575
-0.2658149940245166,0.4216360483972922,1.0477267831781392,1.3803384997597385,-0.2473120785241821,0.1862388952251027,0.29610179154611105,-0.20830368994422438,-0.29637189356883886,-3.3534136852428817,-1.6234266286751575
-0.0674350565447614,0.5583482058108512,1.1809351074763084,0.8651259455468246,-0.7740111747939725,0.23129904829981177,0.4627300905593766,-0.6438040534460513,-0.6076449477796211,-2.964276587177727,-1.6234266286751575
-0.059946128549186704,0.5881046637698563,1.1511556606300395,0.8863462013616427,-0.6913964782854417,0.2581784405141045,0.48135515087207603,-0.6899186981777901,-0.6377170217394001,-2.386911509587419,-1.6234266286751575
-0.23865758209854993,0.3526037818669546,0.39925582567369755,0.5263060535673936,-0.8438076463859111,-0.23224935966616841,0.19232378763873723,-0.461160118383648,-0.48310646612791475,-2.7310914496945387,-1.6234266286751575
-0.19232393181365953,0.453702648335893,0.7676415494272553,1.3349934282869722,-0.4659431162857208,0.02821168786028836,0.3122243470579687,-0.38401457668198635,-0.42789728118138287,0.10626462568701957,-1.6234266286751575
-0.14103447079007916,0.5470209614103767,1.0414952602571808,0.9775270857668273,-0.45992653563083796,0.20660653342993832,0.41753110021080253,-0.30794692768012333,-0.3719438478566642,-1.9524671473799255,-1.6234266286751575
-0.21601842929218726,0.4534687983827375,1.0090156341353054,1.3423733087524792,-0.2075928232131292,0.20684823111541317,0.32906720876976403,-0.29296692472394525,-0.3607475672238933,0.03915816058153953,-1.6234266286751575
-0.06481181857087734,0.6021268741121231,1.2677045599521117,1.1977667212034553,-0.7232322680655828,0.28158107262036053,0.5008358544191747,-0.6130119603242961,-0.5872569800839418,-2.658897019314389,-1.6234266286751575
0.07554777978282534,0.6648799398934585,1.0081379328803028,0.7653792940205605,-0.8330845615856591,0.17072571464654313,0.5599099107172503,-0.10906843711673372,-0.218542788524399,-2.825011252073139,-1.6234266286751575
-0.0668417100310028,0.5484893633792537,1.1845803235001187,0.7992997490692955,-0.9441078587734744,0.2030898010397268,0.4572146030855601,-0.7642400865846232,-0.6850191024790241,-2.6455791028814493,-1.6234266286751575
0.06462183409757055,0.6683789023437098,1.0346488784890435,0.7736610951915694,-0.7782999434146028,0.19998687496963638,0.5619578620403676,-0.09150707565754307,-0.20450286758959,-3.0510570500467837,-1.6234266286751575
-0.09976767654114609,0.5563671711948762,0.9683293972861179,1.0424058666144314,-0.5246913104473823,0.17835047924875785,0.43021005521276623,-0.4272700311222439,-0.45904367483710706,-2.611565776716434,-1.6234266286751575
-0.16420833985063488,0.5121174080691006,1.0868037277380898,1.0540982778068673,-0.5691077639143912,0.20184548253558135,0.39183003812280476,-0.7004282821441135,-0.6444930935797597,-0.098041682164584,-1.6234266286751575
-0.10877643345603909,0.5068039616953862,0.6874410772862096,0.7774162591903789,-0.7578063452303501,-0.012518825013162684,0.36421345367764035,-0.25453748984005886,-0.331757905890827,-4.310601223418579,-1.6234266286751575
-0.10108592509807433,0.5378782470163688,0.9179148715563193,1.3051977026420747,-0.2755376614116873,0.20295020871752398,0.41224065250007264,-0.45180393561711096,-0.47649319888379266,-0.25075790729093234,-1.6234266286751575
-0.12826343290806225,0.5174564161797944,1.2264863987048975,1.2163657362779459,-0.8499514088960983,0.18507389995449522,0.42121539931421526,-0.5769604811580981,-0.5630732949703886,-1.9120695996387789,-1.6234266286751575
0.12015919208975874,0.7022997267187341,1.022967860305613,1.1106892202423073,-0.9307312744921323,0.1508750236764542,0.6003537616583404,0.0007221366658188429,-0.12945080459965133,-1.5557605048402954,-1.6234266286751575
-0.09017572464153595,0.5523232245241616,1.1582945228223127,0.9327408903324689,-0.71396660460721,0.22674593611686747,0.4488187856022998,-0.6038365338183369,-0.5811340836726292,-2.351231029010674,-1.6234266286751575
-0.28944878950286,0.4202471274543378,0.6544716439473827,1.2162096304709216,-0.009470893618196833,0.08047596457817141,0.24883359860454604,0.014325425701969093,-0.1181938234464942,-0.1964780271576419,-1.6234266286751575
-0.191707174630888,0.4778954344802754,1.2055073628425854,1.4403605357133844,-0.3887556211026155,0.248459169748037,0.3724437349534619,-0.19417216025187822,-0.28544509253623107,-1.829152184131475,-1.6234266286751575
-0.05112341394202904,0.5919628884453234,1.1321865502423794,1.373185662684835,-0.44187162367207033,0.27873123530061394,0.4851736685220612,-0.18172579196067423,-0.27577827500371477,-2.78285370183819,-1.6234266286751575
-0.604561573776085,0.15695784163884596,0.7666814336882966,1.2593263131099894,0.24440063354992664,0.015478755550643946,-0.015168466366389554,0.3920633824991794,0.2136156723301894,-0.15776169521704747,-1.6234266286751575
-0.22491386199513058,0.38113747017337773,0.9278285280301798,0.9383602681538387,-0.9847228155654797,-0.036021491379988474,0.2691641292490261,-0.601793478341396,-0.5797677421722389,-3.7830501167565664,-1.6234266286751575
-0.42522383303709566,0.29066869166898995,1.0463993120264676,1.3831456012813568,0.0661475083500802,0.18279527276031932,0.15885818263152438,0.07403707449154412,-0.06821198091310225,-0.03394141338763041,-1.6234266286751575
-0.04946892188236782,0.5785104252562195,1.0075108548509588,0.915197529997193,-0.8005973525466437,0.15404712457683428,0.46433847614246887,-0.5489627812738936,-0.5440589596177409,-2.81173961866804,-1.6234266286751575
-0.13663720132272136,0.5311732835857884,1.1571929765493718,1.4054504043466347,-0.5221531018351245,0.21225070251698214,0.4203100952175849,-0.18205586449715164,-0.2760351550957872,-0.6786799793212973,-1.6234266286751575
0.034495203514067804,0.07713253107070936,0.35146790414392715,0.5242109152706305,-0.6003438343768381,-0.0027517117746509445,0.09702235604014409,-0.553047956313043,-0.5468460659897646,0.4009629253927462,0.6159810257739075
-0.8282188185685566,-0.5823628791354661,-0.3930234666647411,0.9320248304082582,-0.6483942767094258,-0.8267345374172027,-0.6882861097011229,-0.8987993575484111,-0.7670045625122612,0.3550329813321843,0.6159810257739075
-1.06271354572178,-0.7817582069558053,-0.6971245930195492,0.7709518832229747,-0.8596353248786216,-1.114966586871725,-0.9257932098810856,-1.345007628302648,-1.0051734584291583,0.28151435926725205,0.6159810257739075
-1.3923332793430774,-1.1140012767810619,-1.2037857019302787,0.20492430143452614,-0.8684754978210789,-1.5251888637638382,-1.300950377474172,-1.2439088355610786,-0.9557481534876813,0.09516465082421982,0.6159810257739075
-0.5533779786982213,-0.38129525455361785,-0.14851009207098076,0.99900780541436,-0.7256600973034203,-0.5809524303004154,-0.4443005039756873,-0.936696161130103,-0.7892447345626361,0.4664182452311407,0.6159810257739075
-1.3202240681262023,-1.0831720246731646,-1.0073139918831393,0.807818511955663,-0.703896490064068,-1.400747900497427,-1.237309758826547,-0.7358466910544366,-0.6671176249068227,0.6363967988409625,0.6159810257739075
-1.2082960021801752,-0.9673446051768073,-0.9180193284210086,0.5531991599109604,-0.7298555475302193,-1.297376057921459,-1.1150657435841607,-0.779215365079841,-0.6943762610184165,0.42734668818328786,0.6159810257739075
-1.0655603245086334,-1.050123494572592,-1.0128180834914502,0.6661578824748376,-0.007912140391603945,-1.1172410718604933,-1.1332064986413117,-0.1859642614153871,-0.2790747241928028,0.47869306918228055,0.6159810257739075
0.039641821563920376,-0.1400497716665292,0.08021635914969948,0.6486227155382731,-0.09186276338023958,0.009464066189976824,-0.07131946641769589,-0.1063558023632325,-0.2163793350897382,0.28982580600775437,0.6159810257739075
0.25438188037693105,0.25248005572360155,0.6462002975528627,0.6997732412294568,-0.6066977571479243,0.22333358730290315,0.3107416795134985,-0.31596074640512783,-0.3779095335512833,0.4782397578785407,0.6159810257739075
-1.8569869948785993,-1.5097221275712596,-1.519094938120516,0.9764421072848561,-0.37945635268247524,-1.8341226202892384,-1.740207414841737,-1.1077938801315745,-0.8850050999745789,0.2598451227117407,0.6159810257739075
-1.2310151241744949,-0.963670305186956,-0.8314544822507985,0.8295939783410443,-0.39812726944040866,-1.2145768927179525,-1.1121778078570774,-0.5328793801302567,-0.5330438915421727,0.4608847338851819,0.6159810257739075
-1.3884935152767397,-1.1621949363414033,-1.2340393570375425,0.003285621614189296,-0.7432871922489187,-1.5279753253408643,-1.3339761930437815,-0.912828695849593,-0.7752813855098505,0.11093697550982802,0.6159810257739075
-1.179513309737297,-1.0145195895782688,-0.943750326232057,0.6982626372460127,-0.40407353817528596,-1.2399166271826088,-1.140885812783453,-0.4597488705243827,-0.4821104064089351,0.3563260672664849,0.6159810257739075
0.2116845492294285,0.21042640526636125,0.6367028732203693,0.8408493363969625,-0.40235141313456285,0.26233555786017543,0.26944419861620716,-0.3099330150508734,-0.37342389749434074,0.6455406047181382,0.6159810257739075
-1.199757530386172,-0.9034418603345674,-0.8417011764342724,1.0479674594133122,-0.7150174059117042,-1.2389999571261259,-1.0644340338654916,-1.224255965673281,-0.9458316169336963,0.5969092453874861,0.6159810257739075
-1.0291472041857905,-0.8196089486904847,-0.715517062002117,0.6383591899579247,-0.686472575887409,-1.0991232725222586,-0.940983841284574,-0.8008944339937278,-0.7078188788796133,0.37620233472366327,0.6159810257739075
-1.089455780827366,-0.8323834267464001,-0.6979188398601981,0.6199199461583027,-0.7084742613558974,-1.1392701486539185,-0.9666307685587883,-0.6947153230938035,-0.6408132173456058,0.5094729690400165,0.6159810257739075
-1.1548832141944774,-0.9243216057250158,-0.8221057679650655,0.7565694498641888,-0.6486158109573844,-1.2076645874456746,-1.0613033862666905,-0.8077524366212656,-0.7120458939601392,0.33958383407242887,0.6159810257739075
-0.7327588116421205,-0.5357208968902583,-0.3811755396526045,0.7034773042941991,-0.5666543432056693,-0.749411781981773,-0.6258807490771204,-0.7472687570757065,-0.6743442222498377,0.6355214219373927,0.6159810257739075
-0.6862559001485224,-0.48069746073048786,-0.3089822715852617,0.6098362441180903,-0.5969106997827457,-0.701219293178587,-0.5683403633712125,-0.6990960828020015,-0.6436357457946078,0.5729739587673367,0.6159810257739075
-0.9065788855860969,-0.7984328469119205,-0.6182619913341442,0.8674938377743702,-0.4122516933709268,-0.9486044337877332,-0.8795515651232217,-0.35382223756707704,-0.405868688222313,0.5234612157486885,0.6159810257739075
-1.3179988115255477,-1.0386177174153957,-0.9934891571864535,0.8746701769666292,-0.4937346781670159,-1.3344953961214288,-1.2063457638298667,-0.8488817067043651,-0.7371397588701291,0.6539576257293407,0.6159810257739075
-0.7704876944331476,-0.5563883600431277,-0.3109570994090168,0.8782966183593705,-0.5069876995889363,-0.7527485355470661,-0.6450021943145601,-0.4987962114800099,-0.5094789310203464,0.4839333698864577,0.6159810257739075
-1.3199425185758542,-1.082571523555197,-1.041974352047362,0.5617463840770615,-0.7113813490484777,-1.4208972444773336,-1.2392165569781857,-0.6856795155671769,-0.6349756707667904,0.44473557646181283,0.6159810257739075
-0.33138351292789536,-0.21999949600137533,0.11667319907460491,0.8751473346336808,-0.44440311129197524,-0.29576593737110185,-0.2405214060614863,-0.32651754654093895,-0.38574278252426436,0.5093681717412482,0.6159810257739075
-1.0544678108774765,-0.7546747478208754,-0.6979695364670484,0.7650616920126229,-0.6683514880039305,-1.0776525650176447,-0.9054803513452377,-1.0971387544997517,-0.8792639348191068,0.4326181412677122,0.6159810257739075
-1.0284150510504477,-0.7566743546363747,-0.591718807883099,0.9685977904818757,-0.9058985002445987,-1.0764751431308157,-0.8887374824506385,-1.1224470415473395,-0.8928522481715075,0.18975107118032322,0.6159810257739075
-0.8837967826769088,-0.7362051946461742,-0.6152550325914431,0.6852293116697578,-0.5344918097972678,-0.9369372909292091,-0.8302224463990369,-0.664155332049371,-0.6209845176481563,0.6404936723356044,0.6159810257739075
-0.8014759619407835,-0.8409356250759485,-0.7603081641105567,0.565574641817006,0.04083883614397984,-0.8550900045281411,-0.8869109917293654,-0.01843408978958115,-0.14522133653540514,0.21219933348105016,0.6159810257739075
-0.9068906825495066,-0.7110258852152066,-0.642290363102832,0.6131478865077159,-0.42924882453314045,-0.922909505209459,-0.8240461562809296,-0.7201443604056302,-0.6571275688843458,0.47612117180937524,0.6159810257739075
-0.9211386643199946,-0.7684800828009499,-0.7055134515489222,0.20927305560838902,-0.7154059309696756,-1.037857776345547,-0.8717333347853775,-0.6665804065491182,-0.6225668883096217,0.4565355500898767,0.6159810257739075
-0.59401061314317,-0.5247081816752834,-0.31637903651597143,0.8859304941849253,-0.510497608595682,-0.6492739662770144,-0.5689747697013448,-0.4656640572657729,-0.4862818846518654,0.6745052405508232,0.6159810257739075
-0.5431957878957845,-0.3970127272804617,-0.26478522971606405,0.8014472819946599,-0.6985856136062992,-0.6069859841706783,-0.46271282789207013,-0.9620845514617808,-0.8039352536443384,0.302474416277402,0.6159810257739075
-1.0708498926613113,-0.835872204442073,-0.7148652856258451,0.5747939402931835,-0.6840088151904514,-1.131973860940448,-0.9641231187136604,-0.6463436000829293,-0.6093154166036994,0.5118376523515578,0.6159810257739075
-1.1364119891687656,-1.174110100692425,-1.2202056829324843,0.6190244939254674,0.07522239902549696,-1.2198619325962439,-1.2606387318014551,-0.23891296190011269,-0.319861540120236,0.4558483440830029,0.6159810257739075
-0.9411005067222751,-0.8009576675419382,-0.761467426520526,0.369794457690954,-0.6225807545776979,-1.0433383283190303,-0.9037724203401037,-0.7250923320186213,-0.6602824620257937,0.47064310224134887,0.6159810257739075
-1.234603171755422,-1.191020387911328,-1.1997429725122426,0.619002285502645,0.1579942633552165,-1.2687074400817808,-1.2986597142793352,-0.16715189374139405,-0.26440784097311304,0.2263966922931829,0.6159810257739075
-1.158408488034598,-0.9539732206221873,-0.8748226995936492,0.7483415526320697,-0.7114607084581898,-1.247449849045337,-1.0874408823286252,-0.8176118273438393,-0.7181014170794101,0.3370099620330074,0.6159810257739075
-1.470290599983961,-1.2718483975527326,-1.2638949787853844,0.542160711305134,-0.5009147659981666,-1.547888149392053,-1.435792592893,-0.71353456956853,-0.6529031426261345,0.5858611714777325,0.6159810257739075
-0.41828743826505294,-0.25938973328590864,-0.03921418730224389,0.6123520487539489,-0.602921334944393,-0.4377851777215379,-0.30991396052247183,-0.5697647840922342,-0.5582058811395473,0.7168998868319834,0.6159810257739075
0.19232454747745364,0.13011222647847565,0.4705583933560765,0.6457157839218309,-0.4747333987849393,0.15655150196567058,0.19356866465819642,-0.29069626219663064,-0.3590453457300454,0.47263215506670525,0.6159810257739075
0.027675447738968333,0.2120086368452288,0.6308613241982579,1.0318598843943017,-1.030300966710815,-0.005212388896445762,0.20990552244941424,-1.076210637189061,-0.8679015466528944,-0.06446339084492995,0.6159810257739075
-1.322979690325747,-1.0065499192703733,-0.9187259611257174,0.764396086175213,-0.7064520181566213,-1.3653405357920088,-1.1796445498723263,-0.7658485046828866,-0.6860269029832792,0.3724832889064748,0.6159810257739075
-1.06998349073375,-0.8527193861228057,-0.7519338646067398,0.9130773802727844,-0.70297338761429,-1.1283457032247988,-0.980686134755852,-0.9737391959192742,-0.8106228521837809,0.37986737400270965,0.6159810257739075
-1.1443229307287697,-1.0022491570234344,-0.9428778246290397,0.49058995050636667,-0.45678188670853287,-1.2413920807484429,-1.120337177000793,-0.36761910995905356,-0.41596442364241876,0.5802829316740573,0.6159810257739075
-1.4174755091673248,-1.2184776874495957,-1.1846444830619272,0.7976806903608051,-0.4677994026738078,-1.4940879429094005,-1.3757924286235752,-0.5815858421116047,-0.5661949356391921,0.49220675619097803,0.6159810257739075
-0.855789335574284,-0.5701343838053649,-0.3564839522732795,1.0595246795270126,-1.0532914135543807,-0.9100260037332856,-0.6862408427489373,-1.2405381875504171,-0.9540545134219373,0.2735903220771754,0.6159810257739075
-0.7721438438853061,-0.5163167427072132,-0.3583332085016072,0.7329196357157359,-0.6515518506170263,-0.7690619902101826,-0.6240616403759084,-1.0277129056200645,-0.8411330708486519,0.3901387662119493,0.6159810257739075
-0.644403010478003,-0.5809783516160555,-0.42272127897484996,0.5119669589754755,-0.511699632228129,-0.7421090738499229,-0.6308944828843325,-0.2905008931174807,-0.35889882298178977,0.45905745265678394,0.6159810257739075
-1.1529523519360187,-1.1404828368905329,-1.128322892695012,0.5946631477836707,0.12791368657815444,-1.2079599266911656,-1.232675416110979,-0.02801459105962538,-0.15307276493580527,0.2832104353462087,0.6159810257739075
-0.7256668291494669,-0.5650953267020494,-0.43889193666439263,0.8237382856515818,-0.5971237035404096,-0.7683134936932084,-0.6490842277109832,-0.8318949353693343,-0.7268290918087972,0.42058086764341035,0.6159810257739075
0.5272603675313731,0.5087991750873428,0.9645843479441992,0.7121832216563919,-0.6127404462731035,0.5101935312164879,0.5996835637157895,-0.24276276221274057,-0.32279863624554433,0.52796428843809,0.6159810257739075
-1.1960951073169637,-1.002364983644126,-0.8765640630432956,0.8735912357258138,-0.37085529196797795,-1.214881966146149,-1.1313399660536447,-0.4708272646318419,-0.48991561708512016,0.49953071693243967,0.6159810257739075
-0.05923759325691949,0.04458445185195541,0.4530904224963732,0.9508028065598632,-0.7183150866599035,-0.05729275169427467,0.05518419809774355,-0.6171136603186365,-0.5899870223237009,0.4896815908455544,0.6159810257739075
-1.238067950769419,-0.9979763529263176,-0.9053150187270069,0.8282317179974249,-0.6410143686056122,-1.3206660220406556,-1.145654374045594,-0.5718919388088497,-0.5596461629308257,0.48909789437758766,0.6159810257739075
-1.5662517609665352,-1.276675372119539,-1.3334218653150183,0.7889598955114792,-0.6498341200713034,-1.6342152309403684,-1.4757179128491649,-1.204620882111737,-0.9358237339060481,0.5820258280874371,0.6159810257739075
-1.134777385819062,-0.7919918882960906,-0.6638704787345656,1.0033690653020453,-0.8431138331752684,-1.1407398031321834,-0.9511352373570017,-1.3188642776841948,-0.9926473027135829,0.1048320667894734,0.6159810257739075
-0.600878018952546,-0.4615301520166506,-0.2725262116081537,0.589416785219417,-0.7379706287976199,-0.6843209591120576,-0.52377398977215,-0.6081763931561117,-0.5840328644585091,0.41258713079857773,0.6159810257739075
-0.3237789818056877,-0.19490625773164807,-0.02479789219231,0.5283597936390905,-0.6922544388093326,-0.378472317173501,-0.23517167849268786,-0.9536592522839937,-0.7990786974461878,0.3475298789992179,0.6159810257739075
-1.3673845500928004,-1.03567971527122,-0.9375661201441593,0.7512174355797115,-0.6960941934408097,-1.3984419347475685,-1.2142626447994407,-0.7708005589345681,-0.6891255297026553,0.43456289596042813,0.6159810257739075
-0.6317191928761142,-0.4588629445236103,-0.2997006328101312,0.6260820288364138,-0.5320598445641359,-0.6414768859298854,-0.5355288500809631,-0.714709783927527,-0.65365507207481,0.5297459278508898,0.6159810257739075
-1.1804426925797267,-0.9636275691579422,-0.8002646298037045,0.8901488008266752,-0.3334764929941672,-1.1688233344581778,-1.0930002145276554,-0.41793049904123697,-0.4523598727421348,0.5101008210755549,0.6159810257739075
0.08591021201925994,0.2532990298123231,0.654510381354668,0.7718462573770317,-0.8052883467096581,0.0844499964452699,0.2579656048157564,-0.6418076909892231,-0.6063305982766382,0.41992977789094177,0.6159810257739075
0.3285858285353592,0.3435701042572541,0.7383802479012542,0.6084274107712698,-0.8438877812947407,0.24875368055244815,0.40444412082725845,-0.5905708151466231,-0.5722429606946229,0.6379468414778975,0.6159810257739075
-1.0240316622452474,-0.8219075080080117,-0.6676313870150342,1.0560580094091403,-0.6569638004598033,-1.0698310456586164,-0.9377039874014992,-0.7479794828755927,-0.6747927681067402,0.6444971936331506,0.6159810257739075
-0.9808572092328071,-0.804950890140832,-0.650404160042219,0.8921145696701037,-0.4218658144328564,-0.9869859019750961,-0.909513171274583,-0.5600568445588345,-0.5516177605464303,0.4859072837975588,0.6159810257739075
-0.9952471052358111,-0.7610112627770124,-0.7616847719734837,0.7919688133803008,-0.6335747470697354,-1.0543754417352076,-0.8967724757411963,-1.2012577648306297,-0.9340995148487186,0.35160556511365454,0.6159810257739075
-1.0433481574441898,-0.9067551007895712,-0.799117586575899,0.8016402580958848,-0.4622889644430821,-1.1022102511015337,-1.0125534205709643,-0.5457916916666874,-0.541892494652924,0.6163536978711106,0.6159810257739075
0.4338029050888718,0.5619901542273363,1.0472013583450934,0.7714531898546486,-0.8975443067492385,0.4175218336468699,0.6114001717388284,-0.625817167078028,-0.5957654780924816,0.3777930018060767,0.6159810257739075
-0.6537917246227258,-0.6076801820059119,-0.4440073542868528,0.6468057215661803,-0.41300909750922143,-0.7416975457427759,-0.6542288246011033,-0.14369258193641843,-0.24598904900082905,0.534709405952996,0.6159810257739075
-0.8971845777416981,-0.6792139041410578,-0.5978580369813297,0.7766557824205238,-0.7551174312895513,-0.9642994571836426,-0.7953424016085292,-1.113003871276533,-0.8878015835979856,0.49603636448117816,0.6159810257739075
0.14007587054650686,0.22324641516627286,0.6477068967154029,0.9747225716342754,-0.7907410172602833,0.1061060676418295,0.25498215022302945,-0.4806485469563878,-0.4968084441458703,0.6500551405707443,0.6159810257739075
-0.030256428062583027,-0.2194003927908993,-0.05921594857404874,0.5970237090755269,-0.008567954145478895,-0.07325515444918092,-0.15923731207176195,-0.038677687711700444,-0.1617833318300027,0.32029439717471725,0.6159810257739075
0.33239120170739495,0.2679972282770768,0.6219176628021267,0.706645777822134,-0.4880642286183365,0.29944847564176547,0.344319133309521,-0.23259089512937062,-0.3150299353492239,0.48257739162122787,0.6159810257739075
-0.6647151842192356,-0.5800972704945149,-0.39134917872569613,0.5300019232334249,-0.45823620605394105,-0.728069275734494,-0.6340714358817024,-0.24430642197012575,-0.32397524501385994,0.5489476581555377,0.6159810257739075
-1.2772422869914835,-1.0398045408753491,-0.9419668456013346,0.8748711308508098,-0.45654897847351456,-1.2988562750235104,-1.1882193254176834,-0.5475337417094515,-0.5430829741038464,0.7715881435710731,0.6159810257739075
-0.1627086068153369,-0.061522518054424324,0.1893396354725471,0.8461467998952834,-0.6848910746866969,-0.20291861029224467,-0.07484091368460044,-0.783754923668355,-0.6972012397771924,0.19927476284217197,0.6159810257739075
-0.9415542179181999,-0.6448341667068079,-0.5918688178428554,0.7669690289862947,-0.4903770254870469,-0.9218364668988772,-0.7850234560504629,-1.0784057132703813,-0.8690986548863272,0.509894053290158,0.6159810257739075
-1.0519245420915504,-0.802185429721274,-0.6499458107197758,0.8401224956849745,-0.5913932820599604,-1.0850555145203347,-0.9308501173207787,-0.5401861291527533,-0.5380564177409941,0.4169474064043387,0.6159810257739075
-1.2440221333132067,-1.0566311533458554,-0.9847350231051624,0.7444386918407024,-0.4931259113596153,-1.322955626079158,-1.1935106679187242,-0.462581372522272,-0.48410906475476556,0.05281849604979716,0.6159810257739075
0.5182447738724322,0.5491010477571503,1.044538096598576,0.992056569070904,-0.7811395626839429,0.4968964305304633,0.6310490958642984,-0.5127769561386905,-0.5191817088257594,0.6457724256898062,0.6159810257739075
-1.4481362344828346,-1.192339413479726,-1.133724811141824,0.7758140185108228,-0.4156320940250152,-1.4794657507138027,-1.3625506505163174,-0.5479441454993291,-0.5433633203276366,0.3273835967054047,0.6159810257739075
-0.5932202440963861,-0.3276118125746118,-0.1373700976765508,0.842381286340207,-0.5749224562989644,-0.5492604167344539,-0.4209753338595994,-1.0265825777738056,-0.8405018877152235,0.43432254047807134,0.6159810257739075
-0.9987429603591194,-0.7613545489166157,-0.5960399786649103,0.866347193186309,-0.6264820321391799,-1.029950306224331,-0.8822473446311283,-0.5698420693680026,-0.5582582310695325,0.7196727737032096,0.6159810257739075
-1.2132625859700916,-1.0142603775892032,-0.92240107514844,0.7805853795655804,-0.34246142577193006,-1.2260623998693956,-1.14830228227189,-0.5585690359018488,-0.5506059194384862,0.6038411365080593,0.6159810257739075
-0.26494879927101783,-0.18736394771389156,0.03866853996666047,0.49255658181281725,-0.7245658680483344,-0.35010732299012787,-0.2037553669940586,-0.6000161543799768,-0.5785782318593814,0.5513616322687843,0.6159810257739075
-0.7398153673701626,-0.5718268503749604,-0.38950408221895677,0.7532534951594522,-0.7750570646040545,-0.8168856156219098,-0.6533816818746545,-0.764214298191479,-0.6850029385407969,0.3379990391647931,0.6159810257739075
-0.26118548243358264,-0.18047665720625738,0.10913838338370284,0.8264362856008876,-0.4300649081046749,-0.2450100447520361,-0.1914909236034245,-0.4388163536550402,-0.46727539700606385,0.48687215165986153,0.6159810257739075
-0.9561765632188428,-0.779425698456351,-0.6818461956105664,0.6814232623526362,-0.7797754597358947,-1.054794011591546,-0.8890687785630943,-0.8391671327565665,-0.7312523731883509,0.2984437819635549,0.6159810257739075
-1.4296411844399854,-0.9176188390062076,-0.7305664147411781,1.1389236722012046,-0.5984761740016917,-1.259420408449895,-1.1360971187393265,-1.6492664540399067,-1.1378807217590543,0.5514742776537184,0.6159810257739075
-1.1540275853181434,-1.1164971407559057,-1.0968252208504303,0.6236613107487567,0.15076506057994415,-1.176614408607467,-1.2142420646222996,-0.10179441653923393,-0.21273710106186652,0.5045531898468616,0.6159810257739075
0.06344073476973017,0.13503326024932674,0.5368165186655851,0.7684205542527159,-0.4144414443796277,0.12544250381068864,0.16164612554141145,-0.3416701984733024,-0.396935536534484,-0.1836987459001001,0.6159810257739075
-0.36431797357458284,-0.3081171938067845,-0.03588667001469208,0.8545506395839383,-0.5261365823030838,-0.3898996263389816,-0.32361409496627447,-0.5014821671535726,-0.5113469566252618,0.6948579627377847,0.6159810257739075
-1.076381232944421,-0.762487253386556,-0.7209662972819891,0.9118475080030778,-0.6410386675779675,-1.0892998252902168,-0.9184727066534468,-1.2094869890232811,-0.9383133052368924,0.3095622385685263,0.6159810257739075
-0.8535292737312021,-0.8798411878632066,-0.8425211615522464,0.5652824824682237,0.10413171363511449,-0.9046829729793008,-0.9373174379873707,0.03304756106468992,-0.10262219472313208,0.3532324045564107,0.6159810257739075
-0.6972023560659218,-0.53264150638841,-0.32267607505193513,0.9800232693689298,-0.5732773641706004,-0.7171460729669967,-0.6074259226209893,-0.6067256075735986,-0.5830643667580115,0.6681103464499507,0.6159810257739075
0.28972287492858123,0.3618938756507408,0.8265494466913161,0.886992401781052,-0.6390246963692803,0.3368521762428999,0.4130135276307524,-0.6772268888429984,-0.6294956617948793,0.45980316373898944,0.6159810257739075
-1.2385264269687712,-0.9926589125312008,-0.966095310670726,0.6390153087020897,-0.7440032364342689,-1.318284253931855,-1.1478897839387574,-1.0782753575536959,-0.8690275990030344,0.3730036038841366,0.6159810257739075
-0.4818749587869528,-0.2556619134092557,0.05906209501550587,0.8435451801887126,-0.5865647660534059,-0.45390001363540744,-0.31814916314500113,-0.43113239617990784,-0.4618011311442131,0.6232998345416223,0.6159810257739075
-0.7764221954410383,-0.4216115057004767,-0.18807372405669182,0.9190600706422708,-0.8168231205864442,-0.7340576620908275,-0.5455381981916007,-1.2276457964633591,-0.947549242887209,0.2258147238796909,0.6159810257739075
-1.3761848899012534,-1.1052230168400932,-1.0191920768767864,0.7780040277400322,-0.3066188905502988,-1.3648811652124158,-1.270453239321985,-0.5041264844416704,-0.5131841906056631,-0.0520932680266993,0.6159810257739075
-0.6546914815742799,-0.5475627709485313,-0.37036182342020857,0.7233620361190869,-0.39485414616426967,-0.690156290978618,-0.607152787878715,-0.26902486841676343,-0.3427317249808967,0.5352950927190308,0.6159810257739075
-0.6123716215678622,-0.6815420192169686,-0.5646411002080365,0.6132647502472286,0.08994680077341498,-0.6477454924819761,-0.7005344468661674,0.1490310957980208,-0.004124224706278108,0.3736426714816926,0.6159810257739075
-1.0228209370265322,-0.71840184424152,-0.5490871212438676,0.7588012885499764,-0.6331347805702896,-1.0218937167084774,-0.8568867502562693,-0.6432507265903253,-0.6072807566100126,0.42726871621990337,0.6159810257739075
-1.0206934665831724,-0.7992865689868496,-0.6318372427355683,0.9490921111552604,-0.3924547518940817,-0.9785544428699446,-0.9148447793395948,-0.8197289538001343,-0.7193984340802093,0.3161243905814054,0.6159810257739075
-1.066211472585708,-0.8612831671144239,-0.7400874974902004,0.9666930408972707,-0.6530015169677282,-1.1201973638591904,-0.9838624166604882,-0.8120173618209242,-0.7146684643370415,0.6565107442894049,0.6159810257739075
-0.38681541932249114,-0.16153760681561147,0.1233505921532427,0.8818225828100213,-0.7068092647501786,-0.35857502639258654,-0.2175702582951797,-1.0206339751342597,-0.8371746693146072,0.762921724586826,0.6159810257739075
-0.0429789872140768,0.027956741647326786,0.32588171664064985,0.6031269286523707,-0.693326695589417,-0.0999280577239544,0.036256027567367656,-0.4928188493426647,-0.5053150672082815,0.43230705170175154,0.6159810257739075
-1.0254110271504853,-1.0027773663540043,-0.974880642663926,0.666490361969909,0.09196387397857318,-1.0554826532403954,-1.0859866243765126,-0.1589444742998948,-0.2579801650164684,0.5135242215405579,0.6159810257739075
-0.2636697066118199,-0.03611355239277591,0.23575900859996843,0.8555573495466422,-0.7477059862216179,-0.2666416769366973,-0.0855656466484689,-0.8953770174623162,-0.7649777334287375,0.7042065895685558,0.6159810257739075
-1.1904394625966144,-0.9182359153129985,-0.9215296134758189,0.7389987063279573,-0.7645743845302921,-1.2706743663191096,-1.0792074692867177,-1.162216415255502,-0.9138683125012057,0.6305505255243189,0.6159810257739075
-0.39390035789703615,-0.4865245382566499,-0.4977124797751115,0.37361710942125353,-0.303740496325073,-0.5129022087779489,-0.49681485250761315,-0.6567761479355697,-0.6161601623842147,0.6553705265805981,0.6159810257739075
-1.1786313697550808,-0.8905351801702079,-0.8298594890045189,0.8665932107634012,-0.761281098277093,-1.2364108716367255,-1.0486984751629178,-1.059697663919537,-0.858855845102987,0.5680702934460078,0.6159810257739075
-0.912178178961564,-0.9558689828812047,-0.9093101713293835,0.5670002931927597,0.14934331219747987,-0.9614274590649717,-1.0118756169107739,0.063965762457451,-0.0767072237001913,0.3811551575642028,0.6159810257739075
-1.2382724315686793,-0.9484600731783147,-0.881765534906101,0.7067471172272465,-0.6517154809308627,-1.2827389537863967,-1.110761802190739,-0.7661900451776633,-0.6862408183689181,0.41600002101512984,0.6159810257739075
-0.4296478279584609,-0.27237888999224497,0.010397772143729046,0.8314428834449602,-0.7019068178277355,-0.4638777580188459,-0.3167915425464204,-0.5034803872496922,-0.5127354593775846,0.8218895441869859,0.6159810257739075
-0.829508062756795,-0.5548888047073058,-0.3377834039106247,0.8841313963205438,-0.8907302545016456,-0.85572893971211,-0.6661530239761749,-1.0815821859206456,-0.8708287593041533,0.192310206955885,0.6159810257739075
-0.7471043723958426,-0.5316905298923141,-0.39403219914975546,0.5808122072623371,-0.6716920797033101,-0.7697624371444407,-0.6285476715975139,-1.0522833562141074,-0.8547712636854693,0.38480706177898233,0.6159810257739075
0.10646312202061392,0.12737632181730052,0.4267885028974137,0.40732302679320753,-0.6926202158931847,0.037472416487843496,0.16081441794781756,-0.5538831630751658,-0.5474153504913986,0.37174795672161953,0.6159810257739075
-1.0684533031113275,-0.9202135550107806,-0.8055362969683029,0.8601346564213971,-0.39424227736039835,-1.0998098430684038,-1.029204126063584,-0.5520681135368821,-0.5461779649857169,0.5307426329981639,0.6159810257739075
-0.2812670714437355,-0.15035854060919446,0.014875452450277276,0.6434151638100198,-0.7295549123722548,-0.3494619673877783,-0.1887112575039105,-1.0361217053552803,-0.8458181731985002,0.010520545286237585,0.6159810257739075
-1.3019672682547294,-1.073931257053708,-1.0280408446241986,0.758420079894149,-0.5412164211466179,-1.3548717329576163,-1.2274941328181281,-0.7475721382414358,-0.6745357050794493,0.6466914506225107,0.6159810257739075
0.5170139527696939,0.53331367965575,0.9347607040560632,0.6746169197969152,-0.7991531146897657,0.46899308513965365,0.6092634124773959,-0.7988193321982461,-0.7065374534247081,0.3407104846511634,0.6159810257739075
0.2692959267569633,0.3582708988359205,0.8262616459539686,0.9954936998302645,-0.7371098247769641,0.2693568031346478,0.4041211015251747,-0.4826078903042899,-0.4981805596232903,0.6731262858493119,0.6159810257739075
-0.30535892877330667,-0.3280735214488191,-0.13702588071516966,0.5788130179767971,-0.46008783944732123,-0.3920386612109547,-0.32773885460002306,-0.3052411576040136,-0.36992583342902025,0.49354577816259143,0.6159810257739075
-1.1935704841966233,-0.9072509585467757,-0.8161417671387164,0.8383930417096382,-0.7517357381369337,-1.2284489315144136,-1.061697094003302,-1.0932339511114517,-0.8771525658684364,0.6643089421200588,0.6159810257739075
-0.4589246305393664,-0.3011116802656153,-0.09357108916677442,0.7361454630346492,-0.8416372828551528,-0.5294229808216654,-0.3559135645013506,-0.9772124524650169,-0.8126090224577289,0.6359732181259327,0.6159810257739075
0.15907373203799086,-0.04642092342794898,0.0732308866909735,0.6327383028262659,-0.01048240296739365,0.14243590149130048,0.028703102556582115,-0.45971078234075685,-0.4820835165635531,0.717969678981116,0.6159810257739075
-0.5391888343613597,-0.2779833008251798,-0.09477688846200581,0.6534591925512097,-0.6221849915279611,-0.5079949380327394,-0.367698623983142,-1.0374815703239022,-0.8465741169847818,0.31238339947895155,0.6159810257739075
-1.4376105490854916,-1.1271493955392435,-1.1143394686127968,0.8563087704547637,-0.6515094566652584,-1.4892165022409594,-1.3157065881819214,-1.0468217079945825,-0.8517532673090674,0.12616455264920198,0.6159810257739075
-0.41999517405866554,-0.5221829616431262,-0.4737709421945669,0.6158795225148884,-0.1173973643292987,-0.47981406487969036,-0.5269312573826888,-0.5847303467714615,-0.5683139739797256,0.745645670392444,0.6159810257739075
-0.8979801261400338,-0.7099704650594176,-0.5906682181996098,0.707658093794482,-0.7001107618711244,-0.9592515585648788,-0.8150320386931257,-0.9198559940300978,-0.7794080044733056,0.48678685398948857,0.6159810257739075
-1.133651394791732,-0.7426421592406001,-0.5891616190370671,0.9314053663425382,-0.776651232290356,-1.0943437888138432,-0.9112099174008361,-1.28334994173598,-0.9753464256311956,0.23117952050695328,0.6159810257739075
-0.2743886854090704,-0.14111717388652842,0.10623385778509994,0.5850688935085767,-0.5961693226262174,-0.2901271531510861,-0.17148408335376286,-0.5862894529536059,-0.5693636804515226,0.45797934897755155,0.6159810257739075
-0.49269648874492644,-0.3552590278306,-0.0787377819676736,0.9696385677339576,-0.7205198306515469,-0.5305774134684875,-0.40072309736728634,-0.6712736283715727,-0.625624889453316,0.6416933772844676,0.6159810257739075
-0.24828620380714542,0.017829900379576605,0.35524077162396084,0.8534850665199675,-0.9921704505922395,-0.2563149517477518,-0.03463306368790052,-1.2142630994710921,-0.9407508440984208,0.24191278757155868,0.6159810257739075
-0.6684045399165132,-0.5753451838290179,-0.3981235453138464,0.677285164771954,-0.5276004661376101,-0.7467914228415526,-0.6340240119952464,-0.31965316229771545,-0.3806526384580548,0.5373829942848042,0.6159810257739075
-1.3975163600278528,-1.0248019979796728,-1.0612346429461603,0.782070756505624,-0.525355913191258,-1.3957780824505785,-1.2284992060343785,-1.2294703763578072,-0.9484725195340794,0.5105307160140931,0.6159810257739075
-1.055423919173913,-0.9316795916550151,-0.8431071623309118,0.7214913538238599,-0.401119920535643,-1.1290148765082377,-1.0369832093253442,-0.35829784701763845,-0.40914909992527854,0.49723559637455,0.6159810257739075
-1.2775097487056102,-1.0215221076033856,-0.9517632499229426,0.5790355334365338,-0.750741806767738,-1.3628386437264175,-1.176617474251963,-0.7340943295264449,-0.6660059255212962,0.4466399528525918,0.6159810257739075
-0.2642485509412331,-0.0746538619227135,0.19105890040125914,0.8774158279979132,-0.6452661717682987,-0.2574519871318661,-0.11498389138379136,-0.7668820631767227,-0.6866741535986107,0.6592885979527242,0.6159810257739075
-1.0577554560684077,-0.9135689013033883,-0.7976003281267897,0.8282802315424254,-0.45012732877948225,-1.1067117928271653,-1.0213825402620775,-0.5502769577538705,-0.5449560287152758,0.6085118071601936,0.6159810257739075
-1.2151151364330885,-0.9616776879089122,-0.8495911283557221,0.8674813320605477,-0.44255121939888875,-1.2274055099724883,-1.1074987256259854,-0.5569914929094485,-0.549532422196505,0.6129902152086264,0.6159810257739075
-0.8626271154927833,-0.8739016786345444,-0.8310728277951271,0.6468546663426921,0.17493426608242585,-0.8770333376696494,-0.9346328433583451,-0.08798066965281365,-0.20167391298903614,0.38141570855056756,0.6159810257739075
-0.8444173441334,-0.43884151433270346,-0.2513371098056633,0.7744187689566026,-0.9229170868824026,-0.8178797449194973,-0.5853910401326178,-1.452981212921248,-1.0550240001253057,0.6344590624084988,0.6159810257739075
-0.43235124229436456,-0.1198629889895319,0.23156756913517287,0.9598491812000827,-0.7876790882438669,-0.3596480647031684,-0.19524881920987575,-1.0759062313418997,-0.8677354367190949,0.21922579959109756,0.6159810257739075
-0.2924178009863325,-0.10259483745290483,0.20944097007985785,0.974881696061878,-0.7502369568421101,-0.2870747619869559,-0.14121176126708582,-0.8759966869506675,-0.7534425553880628,0.3291788924796735,0.6159810257739075
-0.9717342994097157,-0.7780974866387252,-0.656967160777196,0.9538220739849512,-0.5911921692887684,-1.0046153352958918,-0.8890083802171367,-0.9592727071524649,-0.8023164879306646,0.35749057252110283,0.6159810257739075
-0.6249711193264892,-0.4355178894220514,-0.26506341109724,0.630938126883106,-0.5291475868774373,-0.6293000446960779,-0.5147301204065222,-0.6789657662590214,-0.6306245294350676,0.42566230720039877,0.6159810257739075
0.14121512071380934,0.24005964766507829,0.5677279297489021,0.442934340597033,-0.8940705877013191,0.05536860783682424,0.25772110336341697,-0.6303402581205664,-0.5987606808637848,0.3826107370149543,0.6159810257739075
-0.9755280708342744,-0.6276127452205976,-0.4829888852328869,0.8288270330985221,-1.032036533736245,-1.0236947476192706,-0.7759406633063303,-1.3538143032406882,-1.0093530039926923,-0.5004136345588248,0.6159810257739075
-0.15947917753584612,-0.1359503080983106,0.14896745760322966,0.6641722769818978,-0.4421422728641508,-0.19543571622520595,-0.12690339310973237,-0.13571317486053325,-0.2396914911453629,0.5282583082536746,0.6159810257739075
-0.5795658160137184,-0.4323606155028415,-0.1973384639628726,1.0827139384215918,-0.76352410022521,-0.6474375195099946,-0.492415615946125,-0.6736210489536603,-0.6271522682562434,0.6404788158282303,0.6159810257739075
-1.1011012420301771,-0.8907109171119476,-0.7573425426011332,0.8613129965255251,-0.7099210842098341,-1.173223599261618,-1.0149349049823144,-0.6382700761664641,-0.6039989851520695,0.6197495606597189,0.6159810257739075
0.14911611791883364,-0.03080410004046479,0.22654496530063803,0.6420319887381108,-0.05017554980815009,0.15183787932322082,0.04995705680148118,-0.046673233271797614,-0.16829540424585454,0.2989674751153187,0.6159810257739075
-0.42901346098041304,-0.35844046557929926,-0.14656620217653413,0.7166706167610786,-0.45723994818739244,-0.46992579213303437,-0.3879108186090601,-0.33949939289244735,-0.3953357003758159,0.5487820784780987,0.6159810257739075
-0.20582111478322,-0.18039957259317585,0.1274684565424562,0.8068577281488938,-0.44601356445974816,-0.22029806151675152,-0.17224868167407056,-0.28083740435241805,-0.3516390175747073,0.47600939021352695,0.6159810257739075
-0.5960846326785167,-0.45217235957008123,-0.24497169584610207,0.7167613909941689,-0.7451145266699442,-0.6669367443513333,-0.5143567691494735,-0.6744007414531006,-0.6276592679340443,0.5484082897427924,0.6159810257739075
-0.18637637883985808,-0.10296268682413717,0.27332571424099017,0.8874635222069477,-0.5874514200446519,-0.18911118990012596,-0.10082987455499583,-0.33342744400547336,-0.39085429826005474,0.6352782044197868,0.6159810257739075
-0.1248355308771114,-0.11181982868781792,0.1753523116513429,0.6928539160178235,-0.4747969897125914,-0.16545629748460777,-0.09731759888877317,-0.20738400982541358,-0.295662357388329,0.5398799317892473,0.6159810257739075
-0.6261453819102817,-0.41834140067662706,-0.23466988535159078,0.7198278782697245,-0.6377906187733012,-0.6483860845481092,-0.5013044628904612,-0.7397141829852282,-0.6695683379687799,0.6230857013763035,0.6159810257739075
-1.2214809738382015,-0.9491480433650118,-0.8516260121599005,0.6365700104182989,-0.8328376943665222,-1.2972043635073545,-1.1013228829030335,-0.870727064499216,-0.7502891820750057,0.47531748100679994,0.6159810257739075
-1.3200485916956317,-1.080026932519234,-1.0478005620961182,0.5237044338608228,-0.5871438053946276,-1.3830615118522902,-1.2380421446956773,-0.7287975355221209,-0.6626407799938884,0.43571654094154516,0.6159810257739075
-0.993306712970498,-0.9199333744093479,-0.932720044494501,0.5619257763856866,-0.07217232378222634,-1.0033966984652674,-1.0165625285570825,-0.6852193480722075,-0.6346778131629068,0.7118490085295387,0.6159810257739075
-0.4634658859798609,-0.3293899509033053,-0.07725562116945991,0.7702774371395871,-0.5213533037450621,-0.4683231728612172,-0.3744536197345535,-0.5291431408602324,-0.5304754164824018,0.49089916944407425,0.6159810257739075
-0.4138019126472538,-0.22435537574367778,0.05106035057638749,0.7191366141574033,-0.7724821490335588,-0.45161703712555507,-0.2770713532689331,-0.5968937605435732,-0.576486516527603,0.35432483613079846,0.6159810257739075
-1.2176227712803398,-1.0684221036312385,-1.0128851590020522,0.7490923266929254,-0.4503175845630264,-1.2923834577448736,-1.19588119114877,-0.5570752586217802,-0.5495894399336212,0.4923538763360475,0.6159810257739075
-0.4505925041111825,-0.38215157274245964,-0.17388673359927834,0.7435016257670441,-0.31792980368177304,-0.43851420587310097,-0.4139635332890785,-0.45829290550839286,-0.4810822424003,0.622223405909596,0.6159810257739075
-0.8284489889515121,-0.638946579756387,-0.4399492858954626,1.0186527725190662,-0.6562898917265152,-0.861239108454251,-0.7305023165497017,-0.7199229021294311,-0.6569862152341682,0.6663730338157494,0.6159810257739075
-1.1782371175149682,-1.193873517100686,-1.2271490382101342,0.6884749756381824,0.10147459515814186,-1.249262685241539,-1.2861780605408328,-0.1925409442206129,-0.2841804575818224,0.4501606938463286,0.6159810257739075
-0.9556805885142557,-0.6778207894756305,-0.537826234940795,0.8574301879994247,-1.0226568719075688,-1.0316078097177857,-0.8068820648476702,-1.241641117580113,-0.9546090248500926,0.19187116974197624,0.6159810257739075
-0.9049337163592285,-0.6939672201011758,-0.5632195153554436,0.5585350030137706,-0.5398621411873938,-0.9307745177252571,-0.8032767309891572,-0.6233393987065626,-0.5941224375053326,0.3511414236805657,0.6159810257739075
1.8349405612054155,-0.7906033667552768,-1.6885848740717084,-1.6608451888021094,3.538048010838243,1.6453069320218325,-0.09335323041817939,2.0479532135562004,2.106097588861333,0.0,0.6159810257739075
1.8499822268076829,0.9768783137313718,1.4787061775050494,-1.7761454984713536,0.29023521640351707,1.6377523778012602,1.3844388253476,2.4925210316114637,2.735622256945736,0.0,0.6159810257739075
1.6263316115851967,0.5463479688039421,0.634682028476551,-1.7417578040803232,0.8904785130014223,1.4191224271247878,0.9460168510372936,1.943186649489406,1.9652286644607062,0.0,0.6159810257739075
1.22896450944977,0.3124157388071377,0.7370834546962923,-0.5395414892603904,1.0667174084928759,1.070996572813954,0.6738934455108383,3.342245986748202,4.081889402363636,0.0,0.6159810257739075
1.7998732435897569,0.34889173837484433,0.5248718781265348,-0.8679771108363599,1.1892752210577708,1.5897090083927123,0.8615276181554169,2.0735364747185376,2.140930470999353,-0.46386768824021635,0.6159810257739075
2.0131991322551035,0.9012281534370422,1.0053298608260137,0.034397897062527924,0.7529103980138804,1.9478148852999606,1.341096077498123,0.32986707143451494,0.15642945430661379,0.6810301379267947,0.6159810257739075
1.963886940479885,0.45251722278343126,0.513063728452082,-1.6813060459258495,1.2957613314075838,1.7683989860975815,0.9815292888797347,2.2046335287421033,2.3220968373820865,0.0,0.6159810257739075
1.76912654103849,0.49943299519582673,0.924323182644753,-1.1930146281047247,0.7439386487211191,1.553590219908709,0.9898190737111998,2.0280463351260267,2.079111150324604,0.7055666849721516,0.6159810257739075
1.76912654103849,0.49943299519582673,0.924323182644753,-1.1930146281047247,0.7439386487211191,1.553590219908709,0.9898190737111998,2.0280463351260267,2.079111150324604,0.7055666849721516,0.6159810257739075
1.76912654103849,0.49943299519582673,0.924323182644753,-1.1930146281047247,0.7439386487211191,1.553590219908709,0.9898190737111998,2.0280463351260267,2.079111150324604,0.7055666849721516,0.6159810257739075
1.8579977912690289,0.6503772487763895,0.9872485910147252,-1.0360325586496557,0.7636332243144263,1.6538170930297103,1.1240107765743113,2.1101994270922493,2.191145687881476,1.0302128335687537,0.6159810257739075
1.963886940479885,0.45251722278343126,0.513063728452082,-1.6813060459258495,1.2957613314075838,1.7683989860975815,0.9815292888797347,2.2046335287421033,2.3220968373820865,0.0,0.6159810257739075
1.5012471640017115,-0.23448201731035817,-0.5430794433408476,-1.4779831914388437,2.214968449117535,1.2880471005688843,0.2769273299827749,2.485386177882955,2.725113157603505,0.13310728791008627,0.6159810257739075
1.76912654103849,0.49943299519582673,0.924323182644753,-1.1930146281047247,0.7439386487211191,1.553590219908709,0.9898190737111998,2.0280463351260267,2.079111150324604,0.7055666849721516,0.6159810257739075
1.963886940479885,0.45251722278343126,0.513063728452082,-1.6813060459258495,1.2957613314075838,1.7683989860975815,0.9815292888797347,2.2046335287421033,2.3220968373820865,0.0,0.6159810257739075
1.8499822268076829,0.9768783137313718,1.4787061775050494,-1.7761454984713536,0.29023521640351707,1.6377523778012602,1.3844388253476,2.4925210316114637,2.735622256945736,0.0,0.6159810257739075
1.6437791895702398,0.16177403234786536,0.05178960176722858,-1.546591262394591,1.6619897557462737,1.4303103168177695,0.6417892639610229,2.482097798541383,2.7202740812389474,-0.594686486500989,0.6159810257739075
1.445125575154494,-0.5754811802577953,-0.7014800815044585,-1.7222361691877968,2.0981919824751514,1.2308490429911911,0.018761087416807938,1.7061283031981431,1.6570184893462174,0.6524675520391939,0.6159810257739075
0.25278601857683447,-1.3451716409775705,-2.0199667545115787,-1.0077377342792022,3.047163014822435,0.11412206354469835,-1.0016266886945036,1.6659490381000408,1.606228247403327,-0.07180524977588523,0.6159810257739075
1.6263316115851967,0.5463479688039421,0.634682028476551,-1.7417578040803232,0.8904785130014223,1.4191224271247878,0.9460168510372936,1.943186649489406,1.9652286644607062,0.0,0.6159810257739075
0.25278601857683447,-1.3451716409775705,-2.0199667545115787,-1.0077377342792022,3.047163014822435,0.11412206354469835,-1.0016266886945036,1.6659490381000408,1.606228247403327,-0.07180524977588523,0.6159810257739075
1.8328487247007337,-0.7995549672251427,-1.7030380867107344,-1.6624896901697552,3.5517601277378468,1.6432702096234024,-0.10137681513227911,2.043564086641554,2.100138682356733,0.0,0.6159810257739075
1.963886940479885,0.45251722278343126,0.513063728452082,-1.6813060459258495,1.2957613314075838,1.7683989860975815,0.9815292888797347,2.2046335287421033,2.3220968373820865,0.0,0.6159810257739075
2.0190424766756836,0.9194243158466991,1.1317770776485903,-1.8253945088142656,0.5080985100385255,1.843377460383142,1.3671550557103136,1.559354073978616,1.4735171642399465,0.8475857999194494,0.6159810257739075
1.0506522803180094,-0.7175201640167692,-1.267304650574293,-1.7435325373643267,2.7206654782815636,0.8368662823956863,-0.2579378283623018,1.9386953744386735,1.9592535194946616,0.4373187582421782,0.6159810257739075
2.3259602837498146,0.7136838859242056,1.0350190937103472,-1.8239436303951113,0.8482125185878169,2.128994742674743,1.321312263733348,1.7549514078768351,1.719300432708361,0.43785323720032693,0.6159810257739075
1.445125575154494,-0.5754811802577953,-0.7014800815044585,-1.7222361691877968,2.0981919824751514,1.2308490429911911,0.018761087416807938,1.7061283031981431,1.6570184893462174,0.6524675520391939,0.6159810257739075
0.25278601857683447,-1.3451716409775705,-2.0199667545115787,-1.0077377342792022,3.047163014822435,0.11412206354469835,-1.0016266886945036,1.6659490381000408,1.606228247403327,-0.07180524977588523,0.6159810257739075
1.8357713291943036,-0.7858754439192681,-1.6807679772606425,-1.6550011393634472,3.5304101200279385,1.646055014318265,-0.08920408774847113,2.0498323357832056,2.1086503145261704,0.0,0.6159810257739075
1.7998732435897569,0.34889173837484433,0.5248718781265348,-0.8679771108363599,1.1892752210577708,1.5897090083927123,0.8615276181554169,2.0735364747185376,2.140930470999353,-0.46386768824021635,0.6159810257739075
1.8499822268076829,0.9768783137313718,1.4787061775050494,-1.7761454984713536,0.29023521640351707,1.6377523778012602,1.3844388253476,2.4925210316114637,2.735622256945736,0.0,0.6159810257739075
1.8579977912690289,0.6503772487763895,0.9872485910147252,-1.0360325586496557,0.7636332243144263,1.6538170930297103,1.1240107765743113,2.1101994270922493,2.191145687881476,1.0302128335687537,0.6159810257739075
1.6437791895702398,0.16177403234786536,0.05178960176722858,-1.546591262394591,1.6619897557462737,1.4303103168177695,0.6417892639610229,2.482097798541383,2.7202740812389474,-0.594686486500989,0.6159810257739075
1.445125575154494,-0.5754811802577953,-0.7014800815044585,-1.7222361691877968,2.0981919824751514,1.2308490429911911,0.018761087416807938,1.7061283031981431,1.6570184893462174,0.6524675520391939,0.6159810257739075
1.6437791895702398,0.16177403234786536,0.05178960176722858,-1.546591262394591,1.6619897557462737,1.4303103168177695,0.6417892639610229,2.482097798541383,2.7202740812389474,-0.594686486500989,0.6159810257739075
1.0506522803180094,-0.7175201640167692,-1.267304650574293,-1.7435325373643267,2.7206654782815636,0.8368662823956863,-0.2579378283623018,1.9386953744386735,1.9592535194946616,0.4373187582421782,0.6159810257739075
0.25278601857683447,-1.3451716409775705,-2.0199667545115787,-1.0077377342792022,3.047163014822435,0.11412206354469835,-1.0016266886945036,1.6659490381000408,1.606228247403327,-0.07180524977588523,0.6159810257739075
1.4044703587367788,0.5280056252109302,0.6894169450403621,-1.818009669186381,0.17837722366534253,1.2238849601513315,0.8679217897141289,2.7806082010509527,3.1710133044845468,0.86125616192231,0.6159810257739075
1.22896450944977,0.3124157388071377,0.7370834546962923,-0.5395414892603904,1.0667174084928759,1.070996572813954,0.6738934455108383,3.342245986748202,4.081889402363636,0.0,0.6159810257739075
2.0317167642707177,0.971533514289643,1.2128802093741649,-1.831680570551823,0.43192821119814706,1.8549909616816502,1.413423096782338,1.530803182819413,1.4384730012509976,0.8353985767107265,0.6159810257739075
1.8579977912690289,0.6503772487763895,0.9872485910147252,-1.0360325586496557,0.7636332243144263,1.6538170930297103,1.1240107765743113,2.1101994270922493,2.191145687881476,1.0302128335687537,0.6159810257739075
1.76912654103849,0.49943299519582673,0.924323182644753,-1.1930146281047247,0.7439386487211191,1.553590219908709,0.9898190737111998,2.0280463351260267,2.079111150324604,0.7055666849721516,0.6159810257739075
1.22896450944977,0.3124157388071377,0.7370834546962923,-0.5395414892603904,1.0667174084928759,1.070996572813954,0.6738934455108383,3.342245986748202,4.081889402363636,0.0,0.6159810257739075
1.8579977912690289,0.6503772487763895,0.9872485910147252,-1.0360325586496557,0.7636332243144263,1.6538170930297103,1.1240107765743113,2.1101994270922493,2.191145687881476,1.0302128335687537,0.6159810257739075
2.3333864380045815,0.5078084580782847,0.7558905959246324,-1.8433643571140366,1.1553119786980512,2.13437091107198,1.1610553191258763,1.8564890382302603,1.850813934040198,0.0,0.6159810257739075
1.583206465999529,-0.1546409303576789,-0.13518962361680328,-1.2887137406676414,1.6457058252726453,1.379207307385631,0.3956695833450863,1.9319242000869055,1.9502551379290083,0.7613641789800187,0.6159810257739075
1.2917067597984393,-0.1864297461076891,-0.7167506794354658,-1.0238647147162132,1.9712407089087347,1.0852890454591868,0.22430739619421253,1.3275214539496423,1.195088087669476,0.4008924261052141,0.6159810257739075
0.9303732351041492,-1.8026796034727461,-2.4278789327391577,-1.2363766814736181,4.160843338778503,0.7237757903844626,-1.1238183587037265,2.456318286992985,2.682435208503549,0.4991373276419523,0.6159810257739075
1.125938920124797,-0.9677887403568403,-1.9412523429077357,-1.2718832060202427,3.597391271322892,0.9589971377068318,-0.46449972414210383,1.6961661895065037,1.644386324808625,0.5920595162583573,0.6159810257739075
1.9104803677160491,0.2021378123494229,-0.2421651836874078,-0.4940549738519771,1.9307513829737988,1.7862628682443915,0.725781664523002,0.3235734893594689,0.15069889485665722,0.7062023505068524,0.6159810257739075
1.4405613233931127,-0.16170575511668545,-0.01748354174555534,-0.11497444553160897,1.5972221374329643,1.3640255032395998,0.3574759063372829,1.3389478062957247,1.2084835275596466,0.6775980891490823,0.6159810257739075
0.06361952598529329,-2.1044113452937983,-2.8996664957542957,-0.9889435869459307,3.6502588556749744,0.04287323100724909,-1.6476860967378149,0.40619732870148845,0.2267513891770831,0.5559831998379479,0.6159810257739075
1.9104803677160491,0.2021378123494229,-0.2421651836874078,-0.4940549738519771,1.9307513829737988,1.7862628682443915,0.725781664523002,0.3235734893594689,0.15069889485665722,0.7062023505068524,0.6159810257739075
-0.18835240504384712,-1.518862844954566,-2.414959877418192,-1.1506866678994907,3.0059082712583196,-0.14648686071477338,-1.2966509100323016,-0.32203695498125184,-0.38242168028730456,0.6811604047224104,0.6159810257739075
1.9445132652398125,-0.28539360843556016,-0.5502398840888552,0.20347730409897172,2.136292512627842,1.7465360117409627,0.385107702217725,0.6026207873423299,0.4146807107044635,0.6465608685889382,0.6159810257739075
0.06361952598529329,-2.1044113452937983,-2.8996664957542957,-0.9889435869459307,3.6502588556749744,0.04287323100724909,-1.6476860967378149,0.40619732870148845,0.2267513891770831,0.5559831998379479,0.6159810257739075
1.9445132652398125,-0.28539360843556016,-0.5502398840888552,0.20347730409897172,2.136292512627842,1.7465360117409627,0.385107702217725,0.6026207873423299,0.4146807107044635,0.6465608685889382,0.6159810257739075
-0.14575783223113034,-2.178282967857292,-2.7893436597185977,-1.2605308208743229,3.2212506757613655,-0.35047577216104503,-1.7536060049509068,0.38025350824793697,0.20267973219855465,0.8152581611701902,0.6159810257739075
-0.18835240504384712,-1.518862844954566,-2.414959877418192,-1.1506866678994907,3.0059082712583196,-0.14648686071477338,-1.2966509100323016,-0.32203695498125184,-0.38242168028730456,0.6811604047224104,0.6159810257739075
0.16170007762280586,-0.5603164800931502,-0.5716564706656735,-0.3956287532127545,0.9630318839568122,0.13253830878247977,-0.3725707572237206,0.4881198207384292,0.3039113566792115,0.5960415015070937,0.6159810257739075
-0.26506005174234687,-0.4759230075451323,-0.45186974805278385,-0.7497830221117626,-0.056146634514794354,-0.3640709045260746,-0.4426540898043991,-0.19926920763843275,-0.2893922271619245,-1.491816993859764,0.6159810257739075
-0.5475037653423924,-0.8394188954480927,-0.962700457889974,-0.9013313589109976,0.030296184138447892,-0.70755189680421,-0.8220049158851408,-0.29531311168224705,-0.3625049975818573,0.561683166563313,0.6159810257739075
-0.20085639555986148,-0.5262458799155056,-0.5415970225600351,-0.8222064138621205,0.10243466306586409,-0.3397313055568438,-0.463226437530287,0.031701189496787026,-0.10374504513940215,-0.16593233232690138,0.6159810257739075
-0.39055946897215466,-0.7707634648371454,-0.7691837100656892,-0.3203454340806663,0.19714171731681268,-0.5248015222495122,-0.7085947179829957,-0.06589575523365407,-0.18388338787808942,0.6871672387676026,0.6159810257739075
-0.6893722123901243,-0.7597323771237161,-0.8311224844715801,-0.8402185228499806,-0.25004881491057274,-0.8355818739451776,-0.8028449946643498,-0.45992422330509036,-0.4822341987068036,0.16137658334428323,0.6159810257739075
-0.08294307096073732,-0.5391849116532315,-0.43545028701577754,-0.4134442206315453,0.31555552109638313,-0.19072167936221535,-0.42342571712485555,0.3158717495132558,0.14370016870832078,0.7507130923734137,0.6159810257739075
-0.3420792882301946,-0.4823561778192267,-0.5369823314236919,-0.7788152523662267,-0.0014592122331571816,-0.4382998467433086,-0.4802328221713232,-0.17231697322839465,-0.2684439129127434,-0.33049866076379214,0.6159810257739075
-0.37372098272958837,-0.4414989364733067,-0.4476302118071314,-0.8201634545782022,-0.30689496823620266,-0.5021202552148168,-0.45525251367841957,-0.41381613491968694,-0.44940824440018945,-0.23491645920602947,0.6159810257739075
-0.5594740754745241,-0.7238053557978759,-0.7903777515375654,-0.8288312079516608,-0.06719749694213069,-0.6807514136029136,-0.7348662088939265,-0.44093712327615464,-0.46878358835977335,-0.6859100034746407,0.6159810257739075
-0.7468468550366946,-0.7475667876307147,-0.7265242052883402,-0.8848356755319814,-0.5827425894019299,-0.8883807022707823,-0.8038903334445712,-0.7373007584543282,-0.6680394799611241,0.7569702701871737,0.6159810257739075
-0.577735018827238,-0.6727110381934787,-0.7500536704491049,-0.7668914854680765,-0.23521713578470502,-0.7087576927980741,-0.7029257739709321,-0.6741755313098999,-0.6275128399406958,0.5535652545363542,0.6159810257739075
-0.42963374012223987,-0.5558773250045917,-0.6068084579250416,-0.6147461086416994,0.1853331922514757,-0.4730809099912484,-0.5626067707592162,-0.0416999234879422,-0.16424678435733903,0.13349945959193113,0.6159810257739075
-0.25958817041505045,-0.43984900623165507,-0.4953024410802437,-0.5176774047994743,0.567048075471085,-0.24463372539084574,-0.42137843689447196,0.2576067164386155,0.09125340252745176,-0.49877128864696607,0.6159810257739075
-0.7789296231142268,-0.8748268936925899,-1.106756036175839,-0.5572832160907801,0.5905247602614534,-0.8233696168551445,-0.9350236430264486,0.006505352437367582,-0.1246709646365067,0.5171972343755292,0.6159810257739075
-0.6870976483626979,-0.8056248812526182,-0.9348942789718666,-0.531289227447893,0.7216882865355524,-0.7405393851110881,-0.8430805831606747,0.7179351232096695,0.5296833026077656,0.6846591476646025,0.6159810257739075
-0.2812403459897289,-0.465697513948723,-0.48196325387892164,-0.6107770538133754,0.23047163539707086,-0.31849504687824326,-0.44396137844801387,0.09048732499283509,-0.054279308088368075,-0.11195411270082198,0.6159810257739075
-0.319196084378718,-0.4848174935089323,-0.567996175651107,-0.6092819741643316,0.49903964634487497,-0.3377362123227509,-0.4777488842694234,0.22709509861021226,0.06414089424667758,-0.43249071146134477,0.6159810257739075
-0.0560941412131868,-0.4225411141820658,-0.4644048090746866,-0.8101782889382799,0.37069505936364416,-0.15780398721643876,-0.34169982041933106,0.30664840413043976,0.1353390300676903,0.12396544949407551,0.6159810257739075
0.11882954895941608,-0.5652626761988424,-0.6591112372730505,-0.9579235950409711,0.7633512011352866,-0.010011133860004351,-0.3984076037413342,0.5239179835010895,0.3381764525785024,-1.307963494704335,0.6159810257739075
-0.5763193984611392,-0.8096077193958646,-0.9617621806893507,-0.8658560986489293,0.13427226234394643,-0.7203651878987422,-0.8119289058963715,-0.306205886201079,-0.3706455646691356,-0.7956045246552975,0.6159810257739075
-0.29204281593399256,-0.346409474607585,-0.33123210239261297,-0.6301020471368327,0.05024383094383434,-0.3436243573082447,-0.35465929218363124,-0.008082231626997834,-0.13671093093542966,-0.7753723926582514,0.6159810257739075
-0.30885499107067665,-0.39003217637306287,-0.3844544401941007,-0.6348395565179678,0.03776630863962148,-0.38100258334612724,-0.39420499735057296,-0.0556534812430792,-0.17558965463744225,-0.30198672869417503,0.6159810257739075
-0.7250028362805432,-0.7956416250543121,-0.9010848418549268,-0.5931418411662317,-0.14853520490350275,-0.8358065885884863,-0.8448672557131311,-0.4517846979131656,-0.47647957756681303,0.6060472032361444,0.6159810257739075
-0.5799905228409544,-0.7473135666737539,-0.8501542506656559,-0.8149619400911047,-0.08584928472182717,-0.7108749810916619,-0.7623881692637581,-0.5966446389892395,-0.5763195188786377,0.5681410593733902,0.6159810257739075
-0.31154763235535277,-0.4097935957706223,-0.40977258563757113,-0.6443704197609278,0.08793748255943404,-0.3831099303467395,-0.41065213804755896,-0.03087612563905705,-0.1554132244272675,-0.5458562772433624,0.6159810257739075
-0.12067589005894398,-0.47700478824218195,-0.5787412564773067,-0.8072896846610604,0.45698717268834543,-0.20911617802161145,-0.4097063446893782,0.19303453427784537,0.034160826422087086,-0.516902242489537,0.6159810257739075
-0.7237726366999927,-0.660155632211527,-0.6959884690609115,-0.7416519363538894,-0.3464542122293018,-0.841771778594543,-0.7361323371832604,-0.49909086687450666,-0.5096839492741804,-0.6695821334651842,0.6159810257739075
-0.6191076790218878,-0.7094136984758148,-0.7840872125665823,-0.41241681155630827,0.4679615192027345,-0.6500584999810259,-0.742909031599702,0.48594173639474586,0.3018373063410558,0.5933192359614632,0.6159810257739075
-0.35765608443477753,-0.4937043908320675,-0.5112929308285202,-0.5436181363507381,0.24222173952887405,-0.3767091874421774,-0.4898580815411867,0.11226003736706652,-0.035730505662255836,-0.15184212607804085,0.6159810257739075
-0.45980657052158347,-0.7647464715932621,-0.9609408956583813,-0.8019378859923387,0.4044517604583472,-0.5696995079825524,-0.7459978477514883,-0.23861987811221633,-0.3196377822394554,0.36895754586641366,0.6159810257739075
-0.15391966158029627,-0.5455451910367182,-0.6565205106717179,-0.8658200908177509,0.32370239782760957,-0.2672292487736252,-0.47330334230936727,-0.1883003043210518,-0.2808895729959579,-0.2431810750509369,0.6159810257739075
-0.4292755361689276,-0.6953162008300982,-0.8469575046255171,-0.7562922461563234,0.2315338106886245,-0.5420370318361397,-0.6796958990229098,-0.3815245312944035,-0.42608949307146143,0.3300797232040932,0.6159810257739075
-0.2318061286919531,-0.4886639358212599,-0.4920838565017706,-0.7828194525627067,0.01388972480422165,-0.3400784223699174,-0.4443470330718325,-0.2935319396998246,-0.3611709271491549,0.7970953298019622,0.6159810257739075
-0.41262039897129005,-0.790341159250158,-0.9145230824265553,-0.9949109685967723,0.30789410681284163,-0.56265258103456,-0.7422591901367137,-0.06827744526287904,-0.1858080634000786,0.09498273786909539,0.6159810257739075
-0.3049342219460706,-0.4258064263802304,-0.41029567062722344,-0.8164289896919258,-0.138735481052735,-0.40672215804656975,-0.41897279314473823,-0.2651733427450798,-0.33981961997972754,0.6285420567525799,0.6159810257739075
-0.4228195780468163,-0.740724030461726,-0.9211801968624538,-0.7924958564406689,0.3427685606358683,-0.5462277010460057,-0.7145801940673937,-0.2609540697794009,-0.33662503597461885,0.32982286247343534,0.6159810257739075
0.5076333184133938,0.18050219840842271,0.2547892148984481,-0.8439566532041015,0.10040414787599893,0.3940357361016693,0.3077714230778504,0.47101130280660525,0.28765322878243255,-0.4381553504255614,0.6159810257739075
0.5923981715597137,0.048269335998524884,0.037169740282097,-1.0077293252647355,0.26225365723838384,0.4310148606486255,0.2270725219511814,0.3644503028497612,0.18810271788258118,0.276428242777636,0.6159810257739075
-0.5944386347553997,-0.7239900792877726,-0.7763633895260411,-0.8485835517026352,-0.2608657351040673,-0.7429623681636841,-0.7428940438620014,-0.5717363441411094,-0.5595408507479492,-0.2616780852885571,0.6159810257739075
-0.25133331991201685,-0.524521660875755,-0.6690488121460401,-0.3908856378219749,0.8181464177942852,-0.20540227665404637,-0.49148212595471324,0.23300235114897228,0.06937115494253167,-0.34837564574140767,0.6159810257739075
-0.36804897125833563,-0.43925689255863454,-0.44003222034461753,-0.7848320100250914,-0.17834409848966148,-0.458140389310152,-0.4507253221025321,-0.37469321204468514,-0.4211216326757061,0.1532092676841752,0.6159810257739075
-0.37421757895636143,-0.7303625404365384,-0.9618188568959837,-0.681284052728328,0.6806708457014565,-0.42488572875454816,-0.696322445177147,-0.15450917963801042,-0.2544993525815635,0.3372114650493351,0.6159810257739075
-0.3418211493488596,-0.48008238143439846,-0.45111969825400466,-0.8265381343912943,-0.1315905491815872,-0.43991862061621106,-0.4704601460978075,-0.278612723135279,-0.3499642612035307,0.7209986580343221,0.6159810257739075
-0.32504315793241695,-0.7246846396097847,-0.945650279067234,-0.8138978763374227,0.5337450413602405,-0.4371012996089069,-0.6752865960704288,-0.1891511863364838,-0.2815502622334294,-0.03369723298546514,0.6159810257739075
-0.4121513568947712,-0.49462261635265664,-0.4841432079734705,-0.742348806475855,-0.08446165830054203,-0.4951955233263194,-0.505942161069693,-0.11046767535174609,-0.2196579984147826,0.6578864993135785,0.6159810257739075
-0.3528088329046109,-0.3983099854322134,-0.346113246389972,-0.8457238399366606,-0.34526640608067927,-0.4721955135855855,-0.40957883707013437,-0.36942478705106324,-0.4172820475334288,0.5247877359739423,0.6159810257739075
-0.4352338621939556,-0.5782580236383532,-0.6618111565660596,-0.45586036768080274,0.3471599536397415,-0.44482506292033885,-0.5855192188445942,-0.008899662883423486,-0.13738396601628436,0.5731795947579569,0.6159810257739075
-0.2136438001927827,-0.5231231542814334,-0.4966592902656287,-0.9230749141645563,0.01842897963987112,-0.3482669411279715,-0.4614276853086388,-0.012978782422112742,-0.14073992682813702,-0.24387324890887346,0.6159810257739075
-0.03913031466307047,-0.5076325419702895,-0.6452721035334079,-0.8031214008746003,0.5070177227681469,-0.144181102075185,-0.40994816177078613,0.034410338812232884,-0.10148518170948537,0.3947172491193309,0.6159810257739075
